-- ===============================================================================
-- Supabase Migration 004: ปรับ RLS Policies ให้ public + นำเข้าข้อมูลจาก Google Sheets
-- ===============================================================================

-- 1) Update RLS Policies to public
ALTER TABLE requisitions ADD COLUMN IF NOT EXISTS from_location_id uuid REFERENCES locations(id) ON DELETE SET NULL;

DROP POLICY IF EXISTS settings_read ON settings;
DROP POLICY IF EXISTS settings_write ON settings;
CREATE POLICY settings_read ON settings FOR SELECT TO public USING (true);
CREATE POLICY settings_write ON settings FOR ALL TO public USING (true) WITH CHECK (true);

DROP POLICY IF EXISTS users_read ON users;
DROP POLICY IF EXISTS users_write ON users;
CREATE POLICY users_read ON users FOR SELECT TO public USING (true);
CREATE POLICY users_write ON users FOR ALL TO public USING (true) WITH CHECK (true);

DROP POLICY IF EXISTS locations_read ON locations;
DROP POLICY IF EXISTS locations_write ON locations;
CREATE POLICY locations_read ON locations FOR SELECT TO public USING (true);
CREATE POLICY locations_write ON locations FOR ALL TO public USING (true) WITH CHECK (true);

DROP POLICY IF EXISTS medicines_read ON medicines;
DROP POLICY IF EXISTS medicines_write ON medicines;
CREATE POLICY medicines_read ON medicines FOR SELECT TO public USING (true);
CREATE POLICY medicines_write ON medicines FOR ALL TO public USING (true) WITH CHECK (true);

DROP POLICY IF EXISTS stock_read ON stock;
DROP POLICY IF EXISTS stock_write ON stock;
CREATE POLICY stock_read ON stock FOR SELECT TO public USING (true);
CREATE POLICY stock_write ON stock FOR ALL TO public USING (true) WITH CHECK (true);

DROP POLICY IF EXISTS movements_read ON movements;
DROP POLICY IF EXISTS movements_write ON movements;
CREATE POLICY movements_read ON movements FOR SELECT TO public USING (true);
CREATE POLICY movements_write ON movements FOR ALL TO public USING (true) WITH CHECK (true);

DROP POLICY IF EXISTS requisitions_read ON requisitions;
DROP POLICY IF EXISTS requisitions_write ON requisitions;
CREATE POLICY requisitions_read ON requisitions FOR SELECT TO public USING (true);
CREATE POLICY requisitions_write ON requisitions FOR ALL TO public USING (true) WITH CHECK (true);

DROP POLICY IF EXISTS req_items_read ON requisition_items;
DROP POLICY IF EXISTS req_items_write ON requisition_items;
CREATE POLICY req_items_read ON requisition_items FOR SELECT TO public USING (true);
CREATE POLICY req_items_write ON requisition_items FOR ALL TO public USING (true) WITH CHECK (true);

DROP POLICY IF EXISTS receipts_read ON receipts;
DROP POLICY IF EXISTS receipts_write ON receipts;
CREATE POLICY receipts_read ON receipts FOR SELECT TO public USING (true);
CREATE POLICY receipts_write ON receipts FOR ALL TO public USING (true) WITH CHECK (true);

DROP POLICY IF EXISTS receipt_items_read ON receipt_items;
DROP POLICY IF EXISTS receipt_items_write ON receipt_items;
CREATE POLICY receipt_items_read ON receipt_items FOR SELECT TO public USING (true);
CREATE POLICY receipt_items_write ON receipt_items FOR ALL TO public USING (true) WITH CHECK (true);

-- 2) Insert Locations
INSERT INTO locations (id, name, icon, color, is_receiving_default, sort_order) VALUES ('6bec17e9-3c7c-4001-84d9-9151266e9595', 'คลังใน', 'snowflake', '#2563eb', true, 1) ON CONFLICT (id) DO UPDATE SET name = EXCLUDED.name, icon = EXCLUDED.icon, color = EXCLUDED.color, is_receiving_default = EXCLUDED.is_receiving_default, sort_order = EXCLUDED.sort_order;
INSERT INTO locations (id, name, icon, color, is_receiving_default, sort_order) VALUES ('ef5f08ba-1a6d-49fc-93ee-5b00a3740987', 'คลังนอก (ห้องจ่ายยา)', 'pill', '#16a34a', false, 2) ON CONFLICT (id) DO UPDATE SET name = EXCLUDED.name, icon = EXCLUDED.icon, color = EXCLUDED.color, is_receiving_default = EXCLUDED.is_receiving_default, sort_order = EXCLUDED.sort_order;
INSERT INTO locations (id, name, icon, color, is_receiving_default, sort_order) VALUES ('a35f027e-cd22-4466-8fa6-4c9fc33ba798', 'ห้องฉุกเฉิน', 'cross', '#dc2626', false, 3) ON CONFLICT (id) DO UPDATE SET name = EXCLUDED.name, icon = EXCLUDED.icon, color = EXCLUDED.color, is_receiving_default = EXCLUDED.is_receiving_default, sort_order = EXCLUDED.sort_order;
INSERT INTO locations (id, name, icon, color, is_receiving_default, sort_order) VALUES ('e94938c6-4f75-4bd3-8c6f-597491cb1c37', 'ห้อง EPI', 'syringe', '#7c3aed', false, 4) ON CONFLICT (id) DO UPDATE SET name = EXCLUDED.name, icon = EXCLUDED.icon, color = EXCLUDED.color, is_receiving_default = EXCLUDED.is_receiving_default, sort_order = EXCLUDED.sort_order;

-- 3) Insert Medicines
INSERT INTO medicines (id, name, barcode, unit, min_stock, require_lot, default_location_id) VALUES ('3242deaf-2048-4bff-866f-4abc0681abee', 'ฟ้าทะลายโจร แคปซูล cap 500 mg', '8858694901859', 'แคปซูล', 0, true, '6bec17e9-3c7c-4001-84d9-9151266e9595') ON CONFLICT (id) DO UPDATE SET name = EXCLUDED.name, barcode = EXCLUDED.barcode, unit = EXCLUDED.unit, min_stock = EXCLUDED.min_stock, require_lot = EXCLUDED.require_lot, default_location_id = EXCLUDED.default_location_id;
INSERT INTO medicines (id, name, barcode, unit, min_stock, require_lot, default_location_id) VALUES ('fd4bcea3-9def-4f41-9e81-219f6e1cc5b7', 'ยาระบายมะขามแขก 450 mg', '8858694900210', 'แคปซูล', 0, true, '6bec17e9-3c7c-4001-84d9-9151266e9595') ON CONFLICT (id) DO UPDATE SET name = EXCLUDED.name, barcode = EXCLUDED.barcode, unit = EXCLUDED.unit, min_stock = EXCLUDED.min_stock, require_lot = EXCLUDED.require_lot, default_location_id = EXCLUDED.default_location_id;
INSERT INTO medicines (id, name, barcode, unit, min_stock, require_lot, default_location_id) VALUES ('9975324e-049a-4e9a-a58f-f5f36af2d736', 'เพชรสังฆาต KMP 500 mg', '8858694900227', 'แคปซูล', 0, true, '6bec17e9-3c7c-4001-84d9-9151266e9595') ON CONFLICT (id) DO UPDATE SET name = EXCLUDED.name, barcode = EXCLUDED.barcode, unit = EXCLUDED.unit, min_stock = EXCLUDED.min_stock, require_lot = EXCLUDED.require_lot, default_location_id = EXCLUDED.default_location_id;
INSERT INTO medicines (id, name, barcode, unit, min_stock, require_lot, default_location_id) VALUES ('96fb0c3c-2795-4a6b-87b9-21d330614fb3', 'รางจืด ยาชง ธงทอง', '8857102880199', 'ซอง', 0, true, '6bec17e9-3c7c-4001-84d9-9151266e9595') ON CONFLICT (id) DO UPDATE SET name = EXCLUDED.name, barcode = EXCLUDED.barcode, unit = EXCLUDED.unit, min_stock = EXCLUDED.min_stock, require_lot = EXCLUDED.require_lot, default_location_id = EXCLUDED.default_location_id;
INSERT INTO medicines (id, name, barcode, unit, min_stock, require_lot, default_location_id) VALUES ('7da16f4d-59df-4a7f-b2dc-7de628de829f', 'ขมิ้นชันแคปซูล KMP (500mg/capsule)', '8858694900081', 'แคปซูล', 0, true, '6bec17e9-3c7c-4001-84d9-9151266e9595') ON CONFLICT (id) DO UPDATE SET name = EXCLUDED.name, barcode = EXCLUDED.barcode, unit = EXCLUDED.unit, min_stock = EXCLUDED.min_stock, require_lot = EXCLUDED.require_lot, default_location_id = EXCLUDED.default_location_id;
INSERT INTO medicines (id, name, barcode, unit, min_stock, require_lot, default_location_id) VALUES ('e2843223-c301-4bc0-89fa-11a4275ae9e2', 'ยาอมประสะมะแว้ง', '8858694900432', 'ซอง', 0, true, '6bec17e9-3c7c-4001-84d9-9151266e9595') ON CONFLICT (id) DO UPDATE SET name = EXCLUDED.name, barcode = EXCLUDED.barcode, unit = EXCLUDED.unit, min_stock = EXCLUDED.min_stock, require_lot = EXCLUDED.require_lot, default_location_id = EXCLUDED.default_location_id;
INSERT INTO medicines (id, name, barcode, unit, min_stock, require_lot, default_location_id) VALUES ('84ea75a9-92ba-4eb4-9b37-de2dce6f71b6', 'ยาแก้ไอมะขามป้อม syr 120 ซีซี', '8858694902009', 'ขวด', 0, true, '6bec17e9-3c7c-4001-84d9-9151266e9595') ON CONFLICT (id) DO UPDATE SET name = EXCLUDED.name, barcode = EXCLUDED.barcode, unit = EXCLUDED.unit, min_stock = EXCLUDED.min_stock, require_lot = EXCLUDED.require_lot, default_location_id = EXCLUDED.default_location_id;
INSERT INTO medicines (id, name, barcode, unit, min_stock, require_lot, default_location_id) VALUES ('43f4fc65-6a91-49ea-a2b4-7dc4fe258fb9', 'ครีมไพล KMP (cre)', '8858694900500', 'หลอด', 0, true, '6bec17e9-3c7c-4001-84d9-9151266e9595') ON CONFLICT (id) DO UPDATE SET name = EXCLUDED.name, barcode = EXCLUDED.barcode, unit = EXCLUDED.unit, min_stock = EXCLUDED.min_stock, require_lot = EXCLUDED.require_lot, default_location_id = EXCLUDED.default_location_id;
INSERT INTO medicines (id, name, barcode, unit, min_stock, require_lot, default_location_id) VALUES ('0af8581d-ff48-4702-abc0-f15aee30ef6f', 'เถาวัลย์เปรียง 500 mg ตราธงทอง', '', 'แคปซูล', 0, true, '6bec17e9-3c7c-4001-84d9-9151266e9595') ON CONFLICT (id) DO UPDATE SET name = EXCLUDED.name, barcode = EXCLUDED.barcode, unit = EXCLUDED.unit, min_stock = EXCLUDED.min_stock, require_lot = EXCLUDED.require_lot, default_location_id = EXCLUDED.default_location_id;
INSERT INTO medicines (id, name, barcode, unit, min_stock, require_lot, default_location_id) VALUES ('3aab3d2d-b97d-43fc-9c4f-a32337895a0c', 'ยาธาตุผสมอบเชย ตราธงทอง', '', 'ขวด', 0, true, '6bec17e9-3c7c-4001-84d9-9151266e9595') ON CONFLICT (id) DO UPDATE SET name = EXCLUDED.name, barcode = EXCLUDED.barcode, unit = EXCLUDED.unit, min_stock = EXCLUDED.min_stock, require_lot = EXCLUDED.require_lot, default_location_id = EXCLUDED.default_location_id;
INSERT INTO medicines (id, name, barcode, unit, min_stock, require_lot, default_location_id) VALUES ('2293d8a4-9fc5-4054-a165-681e175e5429', 'สหัสธารา 500 mg (cap)', '8858694901040', 'แคปซูล', 0, true, '6bec17e9-3c7c-4001-84d9-9151266e9595') ON CONFLICT (id) DO UPDATE SET name = EXCLUDED.name, barcode = EXCLUDED.barcode, unit = EXCLUDED.unit, min_stock = EXCLUDED.min_stock, require_lot = EXCLUDED.require_lot, default_location_id = EXCLUDED.default_location_id;
INSERT INTO medicines (id, name, barcode, unit, min_stock, require_lot, default_location_id) VALUES ('ce8874e8-5900-4887-a1fa-8bb37d07ddd3', 'Adrenaline inj 1mg. in 1ml', '', 'โดส', 0, true, 'a35f027e-cd22-4466-8fa6-4c9fc33ba798') ON CONFLICT (id) DO UPDATE SET name = EXCLUDED.name, barcode = EXCLUDED.barcode, unit = EXCLUDED.unit, min_stock = EXCLUDED.min_stock, require_lot = EXCLUDED.require_lot, default_location_id = EXCLUDED.default_location_id;
INSERT INTO medicines (id, name, barcode, unit, min_stock, require_lot, default_location_id) VALUES ('748e720f-c2d5-4b70-8b17-f30dcc4a8c04', 'Alcohol 70% 450 ml', '', 'ขวด', 0, true, '6bec17e9-3c7c-4001-84d9-9151266e9595') ON CONFLICT (id) DO UPDATE SET name = EXCLUDED.name, barcode = EXCLUDED.barcode, unit = EXCLUDED.unit, min_stock = EXCLUDED.min_stock, require_lot = EXCLUDED.require_lot, default_location_id = EXCLUDED.default_location_id;
INSERT INTO medicines (id, name, barcode, unit, min_stock, require_lot, default_location_id) VALUES ('eeb38518-136c-4e64-af2d-941d473ac82d', 'Allopurinol tab 100 mg', '', 'เม็ด', 0, true, '6bec17e9-3c7c-4001-84d9-9151266e9595') ON CONFLICT (id) DO UPDATE SET name = EXCLUDED.name, barcode = EXCLUDED.barcode, unit = EXCLUDED.unit, min_stock = EXCLUDED.min_stock, require_lot = EXCLUDED.require_lot, default_location_id = EXCLUDED.default_location_id;
INSERT INTO medicines (id, name, barcode, unit, min_stock, require_lot, default_location_id) VALUES ('7c6ae7ea-9db2-4205-91e2-451cd92f5c34', 'Amitriptyline 10 mg', '', 'เม็ด', 0, true, '6bec17e9-3c7c-4001-84d9-9151266e9595') ON CONFLICT (id) DO UPDATE SET name = EXCLUDED.name, barcode = EXCLUDED.barcode, unit = EXCLUDED.unit, min_stock = EXCLUDED.min_stock, require_lot = EXCLUDED.require_lot, default_location_id = EXCLUDED.default_location_id;
INSERT INTO medicines (id, name, barcode, unit, min_stock, require_lot, default_location_id) VALUES ('52d2684c-02e0-468f-b70f-2b638b950de0', 'Amlodipine 5 mg', '', 'เม็ด', 0, true, '6bec17e9-3c7c-4001-84d9-9151266e9595') ON CONFLICT (id) DO UPDATE SET name = EXCLUDED.name, barcode = EXCLUDED.barcode, unit = EXCLUDED.unit, min_stock = EXCLUDED.min_stock, require_lot = EXCLUDED.require_lot, default_location_id = EXCLUDED.default_location_id;
INSERT INTO medicines (id, name, barcode, unit, min_stock, require_lot, default_location_id) VALUES ('ec4c6385-7137-4527-8065-63139dc003e9', 'Ammonia sol 60 ml', '', 'ขวด', 0, true, 'a35f027e-cd22-4466-8fa6-4c9fc33ba798') ON CONFLICT (id) DO UPDATE SET name = EXCLUDED.name, barcode = EXCLUDED.barcode, unit = EXCLUDED.unit, min_stock = EXCLUDED.min_stock, require_lot = EXCLUDED.require_lot, default_location_id = EXCLUDED.default_location_id;
INSERT INTO medicines (id, name, barcode, unit, min_stock, require_lot, default_location_id) VALUES ('0898f333-1459-4e71-b943-fab99692c98d', 'Amoxicillin 500 mg', '', 'แคปซูล', 0, true, '6bec17e9-3c7c-4001-84d9-9151266e9595') ON CONFLICT (id) DO UPDATE SET name = EXCLUDED.name, barcode = EXCLUDED.barcode, unit = EXCLUDED.unit, min_stock = EXCLUDED.min_stock, require_lot = EXCLUDED.require_lot, default_location_id = EXCLUDED.default_location_id;
INSERT INTO medicines (id, name, barcode, unit, min_stock, require_lot, default_location_id) VALUES ('a4b9ebc4-8ceb-4b7d-ab31-903d8608b311', 'Amoxicillin syr 250 mg/5 ml', '', 'ขวด', 0, true, '6bec17e9-3c7c-4001-84d9-9151266e9595') ON CONFLICT (id) DO UPDATE SET name = EXCLUDED.name, barcode = EXCLUDED.barcode, unit = EXCLUDED.unit, min_stock = EXCLUDED.min_stock, require_lot = EXCLUDED.require_lot, default_location_id = EXCLUDED.default_location_id;
INSERT INTO medicines (id, name, barcode, unit, min_stock, require_lot, default_location_id) VALUES ('80adb2b6-6ec3-4aa8-b3ef-af004c86ccba', 'Antacid susp', '', 'ขวด', 0, true, '6bec17e9-3c7c-4001-84d9-9151266e9595') ON CONFLICT (id) DO UPDATE SET name = EXCLUDED.name, barcode = EXCLUDED.barcode, unit = EXCLUDED.unit, min_stock = EXCLUDED.min_stock, require_lot = EXCLUDED.require_lot, default_location_id = EXCLUDED.default_location_id;
INSERT INTO medicines (id, name, barcode, unit, min_stock, require_lot, default_location_id) VALUES ('90f19e1c-c1c6-4a93-a4f5-3224b4a6a0bd', 'Aspirin 81 mg', '', 'เม็ด', 0, true, '6bec17e9-3c7c-4001-84d9-9151266e9595') ON CONFLICT (id) DO UPDATE SET name = EXCLUDED.name, barcode = EXCLUDED.barcode, unit = EXCLUDED.unit, min_stock = EXCLUDED.min_stock, require_lot = EXCLUDED.require_lot, default_location_id = EXCLUDED.default_location_id;
INSERT INTO medicines (id, name, barcode, unit, min_stock, require_lot, default_location_id) VALUES ('b550e39b-8fb1-4313-bbb5-2da896a6bee4', 'Atenolol 50 mg', '', 'เม็ด', 0, true, '6bec17e9-3c7c-4001-84d9-9151266e9595') ON CONFLICT (id) DO UPDATE SET name = EXCLUDED.name, barcode = EXCLUDED.barcode, unit = EXCLUDED.unit, min_stock = EXCLUDED.min_stock, require_lot = EXCLUDED.require_lot, default_location_id = EXCLUDED.default_location_id;
INSERT INTO medicines (id, name, barcode, unit, min_stock, require_lot, default_location_id) VALUES ('d7fb3f55-39b4-4792-b786-e59ca0de5df0', 'Atorvastatin tab 40 mg', '', 'เม็ด', 0, true, '6bec17e9-3c7c-4001-84d9-9151266e9595') ON CONFLICT (id) DO UPDATE SET name = EXCLUDED.name, barcode = EXCLUDED.barcode, unit = EXCLUDED.unit, min_stock = EXCLUDED.min_stock, require_lot = EXCLUDED.require_lot, default_location_id = EXCLUDED.default_location_id;
INSERT INTO medicines (id, name, barcode, unit, min_stock, require_lot, default_location_id) VALUES ('1ba15ed2-e699-4575-958d-cab870953bd5', 'Atropine s04 inj 0.6 mg in 1 ml', '', 'โดส', 0, true, '6bec17e9-3c7c-4001-84d9-9151266e9595') ON CONFLICT (id) DO UPDATE SET name = EXCLUDED.name, barcode = EXCLUDED.barcode, unit = EXCLUDED.unit, min_stock = EXCLUDED.min_stock, require_lot = EXCLUDED.require_lot, default_location_id = EXCLUDED.default_location_id;
INSERT INTO medicines (id, name, barcode, unit, min_stock, require_lot, default_location_id) VALUES ('c1798aff-8bc7-4cfd-953b-b250006f0a29', 'Benzyl benzoate Emulsion 25%', '', 'ขวด', 0, true, '6bec17e9-3c7c-4001-84d9-9151266e9595') ON CONFLICT (id) DO UPDATE SET name = EXCLUDED.name, barcode = EXCLUDED.barcode, unit = EXCLUDED.unit, min_stock = EXCLUDED.min_stock, require_lot = EXCLUDED.require_lot, default_location_id = EXCLUDED.default_location_id;
INSERT INTO medicines (id, name, barcode, unit, min_stock, require_lot, default_location_id) VALUES ('173fb444-43f2-419b-87bb-03ea26be5d0e', 'Betahistine mesylate 12 mg', '', 'เม็ด', 0, true, '6bec17e9-3c7c-4001-84d9-9151266e9595') ON CONFLICT (id) DO UPDATE SET name = EXCLUDED.name, barcode = EXCLUDED.barcode, unit = EXCLUDED.unit, min_stock = EXCLUDED.min_stock, require_lot = EXCLUDED.require_lot, default_location_id = EXCLUDED.default_location_id;
INSERT INTO medicines (id, name, barcode, unit, min_stock, require_lot, default_location_id) VALUES ('67005300-9847-4f14-8e40-fecc1d6442b1', 'Betamethasone cream 0.1%', '', 'หลอด', 0, true, '6bec17e9-3c7c-4001-84d9-9151266e9595') ON CONFLICT (id) DO UPDATE SET name = EXCLUDED.name, barcode = EXCLUDED.barcode, unit = EXCLUDED.unit, min_stock = EXCLUDED.min_stock, require_lot = EXCLUDED.require_lot, default_location_id = EXCLUDED.default_location_id;
INSERT INTO medicines (id, name, barcode, unit, min_stock, require_lot, default_location_id) VALUES ('03cd686a-f5a6-4511-a337-123d38c4e8a0', 'Calamine lotion', '', 'ขวด', 0, true, '6bec17e9-3c7c-4001-84d9-9151266e9595') ON CONFLICT (id) DO UPDATE SET name = EXCLUDED.name, barcode = EXCLUDED.barcode, unit = EXCLUDED.unit, min_stock = EXCLUDED.min_stock, require_lot = EXCLUDED.require_lot, default_location_id = EXCLUDED.default_location_id;
INSERT INTO medicines (id, name, barcode, unit, min_stock, require_lot, default_location_id) VALUES ('41532a82-62ac-41b5-8187-f90a9135a277', 'Calcium carbonate 1000 mg', '', 'เม็ด', 0, true, '6bec17e9-3c7c-4001-84d9-9151266e9595') ON CONFLICT (id) DO UPDATE SET name = EXCLUDED.name, barcode = EXCLUDED.barcode, unit = EXCLUDED.unit, min_stock = EXCLUDED.min_stock, require_lot = EXCLUDED.require_lot, default_location_id = EXCLUDED.default_location_id;
INSERT INTO medicines (id, name, barcode, unit, min_stock, require_lot, default_location_id) VALUES ('c2b72c71-57ee-45bd-b4f7-9682ef84121f', 'Calcium gluconate inj1g/10ml', '', 'โดส', 0, true, '6bec17e9-3c7c-4001-84d9-9151266e9595') ON CONFLICT (id) DO UPDATE SET name = EXCLUDED.name, barcode = EXCLUDED.barcode, unit = EXCLUDED.unit, min_stock = EXCLUDED.min_stock, require_lot = EXCLUDED.require_lot, default_location_id = EXCLUDED.default_location_id;
INSERT INTO medicines (id, name, barcode, unit, min_stock, require_lot, default_location_id) VALUES ('877f962b-a3a2-4950-bfc5-575b7d1944ba', 'Carfergot', '', 'เม็ด', 0, true, '6bec17e9-3c7c-4001-84d9-9151266e9595') ON CONFLICT (id) DO UPDATE SET name = EXCLUDED.name, barcode = EXCLUDED.barcode, unit = EXCLUDED.unit, min_stock = EXCLUDED.min_stock, require_lot = EXCLUDED.require_lot, default_location_id = EXCLUDED.default_location_id;
INSERT INTO medicines (id, name, barcode, unit, min_stock, require_lot, default_location_id) VALUES ('fb1d8a9e-c2b6-47b0-b6a1-4550a5db990a', 'Carvedilol tab 6.25 mg', '', 'เม็ด', 0, true, '6bec17e9-3c7c-4001-84d9-9151266e9595') ON CONFLICT (id) DO UPDATE SET name = EXCLUDED.name, barcode = EXCLUDED.barcode, unit = EXCLUDED.unit, min_stock = EXCLUDED.min_stock, require_lot = EXCLUDED.require_lot, default_location_id = EXCLUDED.default_location_id;
INSERT INTO medicines (id, name, barcode, unit, min_stock, require_lot, default_location_id) VALUES ('722665b0-b683-4710-bb8f-4aa452326e34', 'Cetririzine', '', 'เม็ด', 0, true, '6bec17e9-3c7c-4001-84d9-9151266e9595') ON CONFLICT (id) DO UPDATE SET name = EXCLUDED.name, barcode = EXCLUDED.barcode, unit = EXCLUDED.unit, min_stock = EXCLUDED.min_stock, require_lot = EXCLUDED.require_lot, default_location_id = EXCLUDED.default_location_id;
INSERT INTO medicines (id, name, barcode, unit, min_stock, require_lot, default_location_id) VALUES ('efe16460-c825-447c-ba4f-ae9fea79056c', 'Chloramphenicol eye ointment', '', 'หลอด', 0, true, '6bec17e9-3c7c-4001-84d9-9151266e9595') ON CONFLICT (id) DO UPDATE SET name = EXCLUDED.name, barcode = EXCLUDED.barcode, unit = EXCLUDED.unit, min_stock = EXCLUDED.min_stock, require_lot = EXCLUDED.require_lot, default_location_id = EXCLUDED.default_location_id;
INSERT INTO medicines (id, name, barcode, unit, min_stock, require_lot, default_location_id) VALUES ('1eb5131a-9b47-403b-a407-822196ae0080', 'Chlorhexidine scrub sol 4%in450cc', '', 'ขวด', 0, true, '6bec17e9-3c7c-4001-84d9-9151266e9595') ON CONFLICT (id) DO UPDATE SET name = EXCLUDED.name, barcode = EXCLUDED.barcode, unit = EXCLUDED.unit, min_stock = EXCLUDED.min_stock, require_lot = EXCLUDED.require_lot, default_location_id = EXCLUDED.default_location_id;
INSERT INTO medicines (id, name, barcode, unit, min_stock, require_lot, default_location_id) VALUES ('b1d57f25-3581-43cb-a494-00acb581b22b', 'Chlorpheniramine inj10mg/1ml', '', 'โดส', 0, true, 'a35f027e-cd22-4466-8fa6-4c9fc33ba798') ON CONFLICT (id) DO UPDATE SET name = EXCLUDED.name, barcode = EXCLUDED.barcode, unit = EXCLUDED.unit, min_stock = EXCLUDED.min_stock, require_lot = EXCLUDED.require_lot, default_location_id = EXCLUDED.default_location_id;
INSERT INTO medicines (id, name, barcode, unit, min_stock, require_lot, default_location_id) VALUES ('f37e375a-3552-4613-bde5-fd1b62cbe78b', 'Chlorpheniramine syrup 2mg/5ml', '', 'ขวด', 0, true, '6bec17e9-3c7c-4001-84d9-9151266e9595') ON CONFLICT (id) DO UPDATE SET name = EXCLUDED.name, barcode = EXCLUDED.barcode, unit = EXCLUDED.unit, min_stock = EXCLUDED.min_stock, require_lot = EXCLUDED.require_lot, default_location_id = EXCLUDED.default_location_id;
INSERT INTO medicines (id, name, barcode, unit, min_stock, require_lot, default_location_id) VALUES ('235bf7a3-5f8f-4c03-bfab-27c9c0233546', 'Chlorpheniramine tab 4 mg', '', 'เม็ด', 0, true, '6bec17e9-3c7c-4001-84d9-9151266e9595') ON CONFLICT (id) DO UPDATE SET name = EXCLUDED.name, barcode = EXCLUDED.barcode, unit = EXCLUDED.unit, min_stock = EXCLUDED.min_stock, require_lot = EXCLUDED.require_lot, default_location_id = EXCLUDED.default_location_id;
INSERT INTO medicines (id, name, barcode, unit, min_stock, require_lot, default_location_id) VALUES ('81f9ebba-a982-4382-ae76-d194eab1cb3b', 'Clopidogrel tab 75 mg', '', 'เม็ด', 0, true, '6bec17e9-3c7c-4001-84d9-9151266e9595') ON CONFLICT (id) DO UPDATE SET name = EXCLUDED.name, barcode = EXCLUDED.barcode, unit = EXCLUDED.unit, min_stock = EXCLUDED.min_stock, require_lot = EXCLUDED.require_lot, default_location_id = EXCLUDED.default_location_id;
INSERT INTO medicines (id, name, barcode, unit, min_stock, require_lot, default_location_id) VALUES ('cd9a6603-e13f-4421-8e9c-1d8490abe7c5', 'Clotrimazole 0.1% 5g', '', 'หลอด', 0, true, '6bec17e9-3c7c-4001-84d9-9151266e9595') ON CONFLICT (id) DO UPDATE SET name = EXCLUDED.name, barcode = EXCLUDED.barcode, unit = EXCLUDED.unit, min_stock = EXCLUDED.min_stock, require_lot = EXCLUDED.require_lot, default_location_id = EXCLUDED.default_location_id;
INSERT INTO medicines (id, name, barcode, unit, min_stock, require_lot, default_location_id) VALUES ('825aea29-f0fd-4d5f-8646-3bb88e62e99c', 'Clotrimazole vaginal tab', '', 'เม็ด', 0, true, '6bec17e9-3c7c-4001-84d9-9151266e9595') ON CONFLICT (id) DO UPDATE SET name = EXCLUDED.name, barcode = EXCLUDED.barcode, unit = EXCLUDED.unit, min_stock = EXCLUDED.min_stock, require_lot = EXCLUDED.require_lot, default_location_id = EXCLUDED.default_location_id;
INSERT INTO medicines (id, name, barcode, unit, min_stock, require_lot, default_location_id) VALUES ('ba631706-11da-4b6c-86d6-e1a70e1f8e7d', 'Cyproheptadine hcl tab 4 mg', '', 'เม็ด', 0, true, '6bec17e9-3c7c-4001-84d9-9151266e9595') ON CONFLICT (id) DO UPDATE SET name = EXCLUDED.name, barcode = EXCLUDED.barcode, unit = EXCLUDED.unit, min_stock = EXCLUDED.min_stock, require_lot = EXCLUDED.require_lot, default_location_id = EXCLUDED.default_location_id;
INSERT INTO medicines (id, name, barcode, unit, min_stock, require_lot, default_location_id) VALUES ('d33ae017-5646-43ba-9c22-3341b1fe7dcb', 'Dexamethasone inj 4 mg in 1ml', '', 'โดส', 0, true, '6bec17e9-3c7c-4001-84d9-9151266e9595') ON CONFLICT (id) DO UPDATE SET name = EXCLUDED.name, barcode = EXCLUDED.barcode, unit = EXCLUDED.unit, min_stock = EXCLUDED.min_stock, require_lot = EXCLUDED.require_lot, default_location_id = EXCLUDED.default_location_id;
INSERT INTO medicines (id, name, barcode, unit, min_stock, require_lot, default_location_id) VALUES ('bac5d5b2-bef7-4be7-99e8-a795a042612b', 'Dextromethophan HBr 15 mg', '', 'เม็ด', 0, true, '6bec17e9-3c7c-4001-84d9-9151266e9595') ON CONFLICT (id) DO UPDATE SET name = EXCLUDED.name, barcode = EXCLUDED.barcode, unit = EXCLUDED.unit, min_stock = EXCLUDED.min_stock, require_lot = EXCLUDED.require_lot, default_location_id = EXCLUDED.default_location_id;
INSERT INTO medicines (id, name, barcode, unit, min_stock, require_lot, default_location_id) VALUES ('fffda37f-f57c-4739-8a06-536b271c76d2', 'Diclofenac 25 mg', '', 'เม็ด', 0, true, '6bec17e9-3c7c-4001-84d9-9151266e9595') ON CONFLICT (id) DO UPDATE SET name = EXCLUDED.name, barcode = EXCLUDED.barcode, unit = EXCLUDED.unit, min_stock = EXCLUDED.min_stock, require_lot = EXCLUDED.require_lot, default_location_id = EXCLUDED.default_location_id;
INSERT INTO medicines (id, name, barcode, unit, min_stock, require_lot, default_location_id) VALUES ('d0811bcb-19c9-4664-8f1a-74ab826674c3', 'Dicloxacillin 250 mg', '', 'เม็ด', 0, true, '6bec17e9-3c7c-4001-84d9-9151266e9595') ON CONFLICT (id) DO UPDATE SET name = EXCLUDED.name, barcode = EXCLUDED.barcode, unit = EXCLUDED.unit, min_stock = EXCLUDED.min_stock, require_lot = EXCLUDED.require_lot, default_location_id = EXCLUDED.default_location_id;
INSERT INTO medicines (id, name, barcode, unit, min_stock, require_lot, default_location_id) VALUES ('521e9181-2503-4c76-bb19-b3bb94afe9cf', 'Dicloxacillin dry syrup 62.5mg/ml', '', 'ขวด', 0, true, '6bec17e9-3c7c-4001-84d9-9151266e9595') ON CONFLICT (id) DO UPDATE SET name = EXCLUDED.name, barcode = EXCLUDED.barcode, unit = EXCLUDED.unit, min_stock = EXCLUDED.min_stock, require_lot = EXCLUDED.require_lot, default_location_id = EXCLUDED.default_location_id;
INSERT INTO medicines (id, name, barcode, unit, min_stock, require_lot, default_location_id) VALUES ('01fc9d45-9968-4569-8377-f46f2c7eb65d', 'Dimenhydrinate 50 mg', '', 'เม็ด', 0, true, '6bec17e9-3c7c-4001-84d9-9151266e9595') ON CONFLICT (id) DO UPDATE SET name = EXCLUDED.name, barcode = EXCLUDED.barcode, unit = EXCLUDED.unit, min_stock = EXCLUDED.min_stock, require_lot = EXCLUDED.require_lot, default_location_id = EXCLUDED.default_location_id;
INSERT INTO medicines (id, name, barcode, unit, min_stock, require_lot, default_location_id) VALUES ('b6c34905-2614-40f9-b464-85564f373f50', 'Domperidone 10 mg', '', 'เม็ด', 0, true, '6bec17e9-3c7c-4001-84d9-9151266e9595') ON CONFLICT (id) DO UPDATE SET name = EXCLUDED.name, barcode = EXCLUDED.barcode, unit = EXCLUDED.unit, min_stock = EXCLUDED.min_stock, require_lot = EXCLUDED.require_lot, default_location_id = EXCLUDED.default_location_id;
INSERT INTO medicines (id, name, barcode, unit, min_stock, require_lot, default_location_id) VALUES ('4fe07a51-2768-42e0-96cd-e386b6c88bc2', 'Domperidone syrup 1 mg/ml', '', 'หลอด', 0, true, '6bec17e9-3c7c-4001-84d9-9151266e9595') ON CONFLICT (id) DO UPDATE SET name = EXCLUDED.name, barcode = EXCLUDED.barcode, unit = EXCLUDED.unit, min_stock = EXCLUDED.min_stock, require_lot = EXCLUDED.require_lot, default_location_id = EXCLUDED.default_location_id;
INSERT INTO medicines (id, name, barcode, unit, min_stock, require_lot, default_location_id) VALUES ('d654c19c-6721-469d-9d79-5552b40ec613', 'Doxazosin tab 2 mg', '', 'เม็ด', 0, true, '6bec17e9-3c7c-4001-84d9-9151266e9595') ON CONFLICT (id) DO UPDATE SET name = EXCLUDED.name, barcode = EXCLUDED.barcode, unit = EXCLUDED.unit, min_stock = EXCLUDED.min_stock, require_lot = EXCLUDED.require_lot, default_location_id = EXCLUDED.default_location_id;
INSERT INTO medicines (id, name, barcode, unit, min_stock, require_lot, default_location_id) VALUES ('2c986e43-e1e5-4fd0-98d0-d8d672aabf62', 'Enalapril 20mg', '', 'เม็ด', 0, true, '6bec17e9-3c7c-4001-84d9-9151266e9595') ON CONFLICT (id) DO UPDATE SET name = EXCLUDED.name, barcode = EXCLUDED.barcode, unit = EXCLUDED.unit, min_stock = EXCLUDED.min_stock, require_lot = EXCLUDED.require_lot, default_location_id = EXCLUDED.default_location_id;
INSERT INTO medicines (id, name, barcode, unit, min_stock, require_lot, default_location_id) VALUES ('4f6f5f2d-f4f2-4f32-95d2-5e76a47bd50f', 'Enalapril 5 mg', '', 'เม็ด', 0, true, '6bec17e9-3c7c-4001-84d9-9151266e9595') ON CONFLICT (id) DO UPDATE SET name = EXCLUDED.name, barcode = EXCLUDED.barcode, unit = EXCLUDED.unit, min_stock = EXCLUDED.min_stock, require_lot = EXCLUDED.require_lot, default_location_id = EXCLUDED.default_location_id;
INSERT INTO medicines (id, name, barcode, unit, min_stock, require_lot, default_location_id) VALUES ('9ccd1bf2-2a3f-4d65-90bd-6a274773b03b', 'Ferrous fumarate 45 mg/0.6ml.sus 15 ml', '', 'ขวด', 0, true, '6bec17e9-3c7c-4001-84d9-9151266e9595') ON CONFLICT (id) DO UPDATE SET name = EXCLUDED.name, barcode = EXCLUDED.barcode, unit = EXCLUDED.unit, min_stock = EXCLUDED.min_stock, require_lot = EXCLUDED.require_lot, default_location_id = EXCLUDED.default_location_id;
INSERT INTO medicines (id, name, barcode, unit, min_stock, require_lot, default_location_id) VALUES ('2f1699a4-c650-4078-b94a-257777c7daf6', 'Ferrous fumarate tab 200 mg', '', 'เม็ด', 0, true, '6bec17e9-3c7c-4001-84d9-9151266e9595') ON CONFLICT (id) DO UPDATE SET name = EXCLUDED.name, barcode = EXCLUDED.barcode, unit = EXCLUDED.unit, min_stock = EXCLUDED.min_stock, require_lot = EXCLUDED.require_lot, default_location_id = EXCLUDED.default_location_id;
INSERT INTO medicines (id, name, barcode, unit, min_stock, require_lot, default_location_id) VALUES ('5bc23062-70c3-43e0-b006-86a7596df3f5', 'Folic acid 5 mg', '', 'เม็ด', 0, true, '6bec17e9-3c7c-4001-84d9-9151266e9595') ON CONFLICT (id) DO UPDATE SET name = EXCLUDED.name, barcode = EXCLUDED.barcode, unit = EXCLUDED.unit, min_stock = EXCLUDED.min_stock, require_lot = EXCLUDED.require_lot, default_location_id = EXCLUDED.default_location_id;
INSERT INTO medicines (id, name, barcode, unit, min_stock, require_lot, default_location_id) VALUES ('b84d4db1-1349-498f-b8ac-c5b89f74deb7', 'Furosemide 40 mg', '', 'เม็ด', 0, true, '6bec17e9-3c7c-4001-84d9-9151266e9595') ON CONFLICT (id) DO UPDATE SET name = EXCLUDED.name, barcode = EXCLUDED.barcode, unit = EXCLUDED.unit, min_stock = EXCLUDED.min_stock, require_lot = EXCLUDED.require_lot, default_location_id = EXCLUDED.default_location_id;
INSERT INTO medicines (id, name, barcode, unit, min_stock, require_lot, default_location_id) VALUES ('80a71a72-b27f-4d30-b8a6-dd0041e0c81a', 'Furosemide inj.40mg/ml', '', 'โดส', 0, true, '6bec17e9-3c7c-4001-84d9-9151266e9595') ON CONFLICT (id) DO UPDATE SET name = EXCLUDED.name, barcode = EXCLUDED.barcode, unit = EXCLUDED.unit, min_stock = EXCLUDED.min_stock, require_lot = EXCLUDED.require_lot, default_location_id = EXCLUDED.default_location_id;
INSERT INTO medicines (id, name, barcode, unit, min_stock, require_lot, default_location_id) VALUES ('dd4191c4-ca55-44f7-8c44-5ae210857577', 'Gabapentin tab 300 mg', '', 'แคปซูล', 0, true, '6bec17e9-3c7c-4001-84d9-9151266e9595') ON CONFLICT (id) DO UPDATE SET name = EXCLUDED.name, barcode = EXCLUDED.barcode, unit = EXCLUDED.unit, min_stock = EXCLUDED.min_stock, require_lot = EXCLUDED.require_lot, default_location_id = EXCLUDED.default_location_id;
INSERT INTO medicines (id, name, barcode, unit, min_stock, require_lot, default_location_id) VALUES ('ab848854-7012-4783-8f0a-cbbb2c77fc98', 'Gemfibrozil 600 mg', '', 'เม็ด', 0, true, '6bec17e9-3c7c-4001-84d9-9151266e9595') ON CONFLICT (id) DO UPDATE SET name = EXCLUDED.name, barcode = EXCLUDED.barcode, unit = EXCLUDED.unit, min_stock = EXCLUDED.min_stock, require_lot = EXCLUDED.require_lot, default_location_id = EXCLUDED.default_location_id;
INSERT INTO medicines (id, name, barcode, unit, min_stock, require_lot, default_location_id) VALUES ('af54c85e-e2d8-498f-b19b-1e2e1375eccf', 'Glipizide 5 mg', '', 'เม็ด', 0, true, '6bec17e9-3c7c-4001-84d9-9151266e9595') ON CONFLICT (id) DO UPDATE SET name = EXCLUDED.name, barcode = EXCLUDED.barcode, unit = EXCLUDED.unit, min_stock = EXCLUDED.min_stock, require_lot = EXCLUDED.require_lot, default_location_id = EXCLUDED.default_location_id;
INSERT INTO medicines (id, name, barcode, unit, min_stock, require_lot, default_location_id) VALUES ('7e23382d-8e1c-4888-a91a-fe582ef53766', 'Glucose injection 50% in 50cc', '', 'โดส', 0, true, 'a35f027e-cd22-4466-8fa6-4c9fc33ba798') ON CONFLICT (id) DO UPDATE SET name = EXCLUDED.name, barcode = EXCLUDED.barcode, unit = EXCLUDED.unit, min_stock = EXCLUDED.min_stock, require_lot = EXCLUDED.require_lot, default_location_id = EXCLUDED.default_location_id;
INSERT INTO medicines (id, name, barcode, unit, min_stock, require_lot, default_location_id) VALUES ('ea354509-3869-465a-9f93-971e83a70b30', 'Glyceryl guaiacolate tab 100 mg', '', 'เม็ด', 0, true, '6bec17e9-3c7c-4001-84d9-9151266e9595') ON CONFLICT (id) DO UPDATE SET name = EXCLUDED.name, barcode = EXCLUDED.barcode, unit = EXCLUDED.unit, min_stock = EXCLUDED.min_stock, require_lot = EXCLUDED.require_lot, default_location_id = EXCLUDED.default_location_id;
INSERT INTO medicines (id, name, barcode, unit, min_stock, require_lot, default_location_id) VALUES ('8425447f-a96e-45a3-b3db-77a2f8fb46df', 'Guaifenesin syrup 100 mg/5mg', '', 'ขวด', 0, true, '6bec17e9-3c7c-4001-84d9-9151266e9595') ON CONFLICT (id) DO UPDATE SET name = EXCLUDED.name, barcode = EXCLUDED.barcode, unit = EXCLUDED.unit, min_stock = EXCLUDED.min_stock, require_lot = EXCLUDED.require_lot, default_location_id = EXCLUDED.default_location_id;
INSERT INTO medicines (id, name, barcode, unit, min_stock, require_lot, default_location_id) VALUES ('493f9e79-6b32-44fe-b9ee-a4335191cf85', 'Hista Oph Eye Drops', '', 'ขวด', 0, true, '6bec17e9-3c7c-4001-84d9-9151266e9595') ON CONFLICT (id) DO UPDATE SET name = EXCLUDED.name, barcode = EXCLUDED.barcode, unit = EXCLUDED.unit, min_stock = EXCLUDED.min_stock, require_lot = EXCLUDED.require_lot, default_location_id = EXCLUDED.default_location_id;
INSERT INTO medicines (id, name, barcode, unit, min_stock, require_lot, default_location_id) VALUES ('20bccd0f-23ed-4ec7-bc02-efc6a7fb4bbc', 'Humulin 70/30 300 unit', '', 'หลอด', 0, true, '6bec17e9-3c7c-4001-84d9-9151266e9595') ON CONFLICT (id) DO UPDATE SET name = EXCLUDED.name, barcode = EXCLUDED.barcode, unit = EXCLUDED.unit, min_stock = EXCLUDED.min_stock, require_lot = EXCLUDED.require_lot, default_location_id = EXCLUDED.default_location_id;
INSERT INTO medicines (id, name, barcode, unit, min_stock, require_lot, default_location_id) VALUES ('6c750f37-e1ee-4d8f-867e-d371e6f9263a', 'Hydralazine HCL 25 mg', '', 'เม็ด', 0, true, '6bec17e9-3c7c-4001-84d9-9151266e9595') ON CONFLICT (id) DO UPDATE SET name = EXCLUDED.name, barcode = EXCLUDED.barcode, unit = EXCLUDED.unit, min_stock = EXCLUDED.min_stock, require_lot = EXCLUDED.require_lot, default_location_id = EXCLUDED.default_location_id;
INSERT INTO medicines (id, name, barcode, unit, min_stock, require_lot, default_location_id) VALUES ('5230301a-d4f1-4a52-9ff5-6efb535315d0', 'Hydrochlorothiazide 25 mg(hctz)', '', 'เม็ด', 0, true, '6bec17e9-3c7c-4001-84d9-9151266e9595') ON CONFLICT (id) DO UPDATE SET name = EXCLUDED.name, barcode = EXCLUDED.barcode, unit = EXCLUDED.unit, min_stock = EXCLUDED.min_stock, require_lot = EXCLUDED.require_lot, default_location_id = EXCLUDED.default_location_id;
INSERT INTO medicines (id, name, barcode, unit, min_stock, require_lot, default_location_id) VALUES ('bc614635-6c47-4ca9-9ef9-c5004f6bfa7d', 'Hydroxyzine 10 mg', '', 'เม็ด', 0, true, '6bec17e9-3c7c-4001-84d9-9151266e9595') ON CONFLICT (id) DO UPDATE SET name = EXCLUDED.name, barcode = EXCLUDED.barcode, unit = EXCLUDED.unit, min_stock = EXCLUDED.min_stock, require_lot = EXCLUDED.require_lot, default_location_id = EXCLUDED.default_location_id;
INSERT INTO medicines (id, name, barcode, unit, min_stock, require_lot, default_location_id) VALUES ('416f8d9f-ce54-47d8-bcaf-daaff665f947', 'Hyoscine (buscopan) tab 10mg', '', 'เม็ด', 0, true, '6bec17e9-3c7c-4001-84d9-9151266e9595') ON CONFLICT (id) DO UPDATE SET name = EXCLUDED.name, barcode = EXCLUDED.barcode, unit = EXCLUDED.unit, min_stock = EXCLUDED.min_stock, require_lot = EXCLUDED.require_lot, default_location_id = EXCLUDED.default_location_id;
INSERT INTO medicines (id, name, barcode, unit, min_stock, require_lot, default_location_id) VALUES ('a88fcbe7-7277-4cd8-8545-ca88af94bac7', 'Hyoscin n butyl bromid syrup', '', 'ขวด', 0, true, '6bec17e9-3c7c-4001-84d9-9151266e9595') ON CONFLICT (id) DO UPDATE SET name = EXCLUDED.name, barcode = EXCLUDED.barcode, unit = EXCLUDED.unit, min_stock = EXCLUDED.min_stock, require_lot = EXCLUDED.require_lot, default_location_id = EXCLUDED.default_location_id;
INSERT INTO medicines (id, name, barcode, unit, min_stock, require_lot, default_location_id) VALUES ('4161d8f9-c65c-4d5a-b3ac-20f56f3e0666', 'Ibuprofen 200 mg', '', 'เม็ด', 0, true, '6bec17e9-3c7c-4001-84d9-9151266e9595') ON CONFLICT (id) DO UPDATE SET name = EXCLUDED.name, barcode = EXCLUDED.barcode, unit = EXCLUDED.unit, min_stock = EXCLUDED.min_stock, require_lot = EXCLUDED.require_lot, default_location_id = EXCLUDED.default_location_id;
INSERT INTO medicines (id, name, barcode, unit, min_stock, require_lot, default_location_id) VALUES ('868fe399-23be-4a06-9fe6-643c3f6dcce0', 'Ibuprofen 400 mg', '', 'เม็ด', 0, true, '6bec17e9-3c7c-4001-84d9-9151266e9595') ON CONFLICT (id) DO UPDATE SET name = EXCLUDED.name, barcode = EXCLUDED.barcode, unit = EXCLUDED.unit, min_stock = EXCLUDED.min_stock, require_lot = EXCLUDED.require_lot, default_location_id = EXCLUDED.default_location_id;
INSERT INTO medicines (id, name, barcode, unit, min_stock, require_lot, default_location_id) VALUES ('e21c5577-4ff9-48eb-b610-74d6c2f9fd52', 'Isosorbide dinitrate 10 mg', '', 'เม็ด', 0, true, '6bec17e9-3c7c-4001-84d9-9151266e9595') ON CONFLICT (id) DO UPDATE SET name = EXCLUDED.name, barcode = EXCLUDED.barcode, unit = EXCLUDED.unit, min_stock = EXCLUDED.min_stock, require_lot = EXCLUDED.require_lot, default_location_id = EXCLUDED.default_location_id;
INSERT INTO medicines (id, name, barcode, unit, min_stock, require_lot, default_location_id) VALUES ('afcfe3a9-6296-48c9-a388-339d92dbeba7', 'Isosorbide dinitrate sublingual 5mg', '', 'เม็ด', 0, true, '6bec17e9-3c7c-4001-84d9-9151266e9595') ON CONFLICT (id) DO UPDATE SET name = EXCLUDED.name, barcode = EXCLUDED.barcode, unit = EXCLUDED.unit, min_stock = EXCLUDED.min_stock, require_lot = EXCLUDED.require_lot, default_location_id = EXCLUDED.default_location_id;
INSERT INTO medicines (id, name, barcode, unit, min_stock, require_lot, default_location_id) VALUES ('6efecac2-9f98-4fcd-9391-196b5fbc1489', 'Lactate Ringer inf 1000ml', '', 'ขวด', 0, true, '6bec17e9-3c7c-4001-84d9-9151266e9595') ON CONFLICT (id) DO UPDATE SET name = EXCLUDED.name, barcode = EXCLUDED.barcode, unit = EXCLUDED.unit, min_stock = EXCLUDED.min_stock, require_lot = EXCLUDED.require_lot, default_location_id = EXCLUDED.default_location_id;
INSERT INTO medicines (id, name, barcode, unit, min_stock, require_lot, default_location_id) VALUES ('930279f8-ccc0-40e6-a81b-589552db6d7e', 'Lidocaine inj 2% in 20ml', '', 'โดส', 0, true, '6bec17e9-3c7c-4001-84d9-9151266e9595') ON CONFLICT (id) DO UPDATE SET name = EXCLUDED.name, barcode = EXCLUDED.barcode, unit = EXCLUDED.unit, min_stock = EXCLUDED.min_stock, require_lot = EXCLUDED.require_lot, default_location_id = EXCLUDED.default_location_id;
INSERT INTO medicines (id, name, barcode, unit, min_stock, require_lot, default_location_id) VALUES ('680c0343-4c69-436e-9eec-1c11a7ea1de7', 'Lorazepam 0.5 mg', '', 'เม็ด', 0, true, '6bec17e9-3c7c-4001-84d9-9151266e9595') ON CONFLICT (id) DO UPDATE SET name = EXCLUDED.name, barcode = EXCLUDED.barcode, unit = EXCLUDED.unit, min_stock = EXCLUDED.min_stock, require_lot = EXCLUDED.require_lot, default_location_id = EXCLUDED.default_location_id;
INSERT INTO medicines (id, name, barcode, unit, min_stock, require_lot, default_location_id) VALUES ('2b301f26-6ef1-4830-8898-c6e6293f3617', 'Losartan 50 mg', '', 'เม็ด', 0, true, '6bec17e9-3c7c-4001-84d9-9151266e9595') ON CONFLICT (id) DO UPDATE SET name = EXCLUDED.name, barcode = EXCLUDED.barcode, unit = EXCLUDED.unit, min_stock = EXCLUDED.min_stock, require_lot = EXCLUDED.require_lot, default_location_id = EXCLUDED.default_location_id;
INSERT INTO medicines (id, name, barcode, unit, min_stock, require_lot, default_location_id) VALUES ('2b5902c6-96b0-4f03-95ec-b603c772e56d', 'M.carminative', '', 'ขวด', 0, true, '6bec17e9-3c7c-4001-84d9-9151266e9595') ON CONFLICT (id) DO UPDATE SET name = EXCLUDED.name, barcode = EXCLUDED.barcode, unit = EXCLUDED.unit, min_stock = EXCLUDED.min_stock, require_lot = EXCLUDED.require_lot, default_location_id = EXCLUDED.default_location_id;
INSERT INTO medicines (id, name, barcode, unit, min_stock, require_lot, default_location_id) VALUES ('26c79994-cfd8-4340-bf47-eae3fcd732e0', 'M.Tussis mix 60 ml', '', 'ขวด', 0, true, '6bec17e9-3c7c-4001-84d9-9151266e9595') ON CONFLICT (id) DO UPDATE SET name = EXCLUDED.name, barcode = EXCLUDED.barcode, unit = EXCLUDED.unit, min_stock = EXCLUDED.min_stock, require_lot = EXCLUDED.require_lot, default_location_id = EXCLUDED.default_location_id;
INSERT INTO medicines (id, name, barcode, unit, min_stock, require_lot, default_location_id) VALUES ('6779f23e-343a-462b-96ad-24fed7a0c3fa', 'Manidipine tab 20 mg', '', 'เม็ด', 0, true, '6bec17e9-3c7c-4001-84d9-9151266e9595') ON CONFLICT (id) DO UPDATE SET name = EXCLUDED.name, barcode = EXCLUDED.barcode, unit = EXCLUDED.unit, min_stock = EXCLUDED.min_stock, require_lot = EXCLUDED.require_lot, default_location_id = EXCLUDED.default_location_id;
INSERT INTO medicines (id, name, barcode, unit, min_stock, require_lot, default_location_id) VALUES ('ebbfa807-319c-4065-ac98-2917ba11651a', 'Metformin 500 mg', '', 'เม็ด', 0, true, '6bec17e9-3c7c-4001-84d9-9151266e9595') ON CONFLICT (id) DO UPDATE SET name = EXCLUDED.name, barcode = EXCLUDED.barcode, unit = EXCLUDED.unit, min_stock = EXCLUDED.min_stock, require_lot = EXCLUDED.require_lot, default_location_id = EXCLUDED.default_location_id;
INSERT INTO medicines (id, name, barcode, unit, min_stock, require_lot, default_location_id) VALUES ('ee291eb8-f033-4825-94d7-8156648d2093', 'Methyl salicylate Cream(Balm)', '', 'หลอด', 0, true, '6bec17e9-3c7c-4001-84d9-9151266e9595') ON CONFLICT (id) DO UPDATE SET name = EXCLUDED.name, barcode = EXCLUDED.barcode, unit = EXCLUDED.unit, min_stock = EXCLUDED.min_stock, require_lot = EXCLUDED.require_lot, default_location_id = EXCLUDED.default_location_id;
INSERT INTO medicines (id, name, barcode, unit, min_stock, require_lot, default_location_id) VALUES ('1b4bac57-09e6-40ce-893d-5dde426f918f', 'Metronidazole 200 mg', '', 'เม็ด', 0, true, '6bec17e9-3c7c-4001-84d9-9151266e9595') ON CONFLICT (id) DO UPDATE SET name = EXCLUDED.name, barcode = EXCLUDED.barcode, unit = EXCLUDED.unit, min_stock = EXCLUDED.min_stock, require_lot = EXCLUDED.require_lot, default_location_id = EXCLUDED.default_location_id;
INSERT INTO medicines (id, name, barcode, unit, min_stock, require_lot, default_location_id) VALUES ('8f8a24e6-7f1a-4c12-9ae7-51ceb1bedf4b', 'Milk of Magnesia', '', 'ขวด', 0, true, '6bec17e9-3c7c-4001-84d9-9151266e9595') ON CONFLICT (id) DO UPDATE SET name = EXCLUDED.name, barcode = EXCLUDED.barcode, unit = EXCLUDED.unit, min_stock = EXCLUDED.min_stock, require_lot = EXCLUDED.require_lot, default_location_id = EXCLUDED.default_location_id;
INSERT INTO medicines (id, name, barcode, unit, min_stock, require_lot, default_location_id) VALUES ('e88d048f-5aa9-417b-acc2-a1954d08a485', 'Norfloxacin tab 200 mg', '', 'เม็ด', 0, true, '6bec17e9-3c7c-4001-84d9-9151266e9595') ON CONFLICT (id) DO UPDATE SET name = EXCLUDED.name, barcode = EXCLUDED.barcode, unit = EXCLUDED.unit, min_stock = EXCLUDED.min_stock, require_lot = EXCLUDED.require_lot, default_location_id = EXCLUDED.default_location_id;
INSERT INTO medicines (id, name, barcode, unit, min_stock, require_lot, default_location_id) VALUES ('d3f5bc4f-4396-4fbe-a387-fd04627ccf88', 'Norgesic 450+35 mg', '', 'เม็ด', 0, true, '6bec17e9-3c7c-4001-84d9-9151266e9595') ON CONFLICT (id) DO UPDATE SET name = EXCLUDED.name, barcode = EXCLUDED.barcode, unit = EXCLUDED.unit, min_stock = EXCLUDED.min_stock, require_lot = EXCLUDED.require_lot, default_location_id = EXCLUDED.default_location_id;
INSERT INTO medicines (id, name, barcode, unit, min_stock, require_lot, default_location_id) VALUES ('835b189a-7aa4-4c04-b661-5fd80d3a4172', 'NSS Irrigate', '', 'ขวด', 0, true, '6bec17e9-3c7c-4001-84d9-9151266e9595') ON CONFLICT (id) DO UPDATE SET name = EXCLUDED.name, barcode = EXCLUDED.barcode, unit = EXCLUDED.unit, min_stock = EXCLUDED.min_stock, require_lot = EXCLUDED.require_lot, default_location_id = EXCLUDED.default_location_id;
INSERT INTO medicines (id, name, barcode, unit, min_stock, require_lot, default_location_id) VALUES ('df11c6cb-3f96-4288-a480-e5266d5f4aaa', 'Omeprazole 20 mg', '', 'แคปซูล', 0, true, '6bec17e9-3c7c-4001-84d9-9151266e9595') ON CONFLICT (id) DO UPDATE SET name = EXCLUDED.name, barcode = EXCLUDED.barcode, unit = EXCLUDED.unit, min_stock = EXCLUDED.min_stock, require_lot = EXCLUDED.require_lot, default_location_id = EXCLUDED.default_location_id;
INSERT INTO medicines (id, name, barcode, unit, min_stock, require_lot, default_location_id) VALUES ('c05d31b7-aa40-4a0a-ad73-f3fbf4c9468b', 'Ors sodium-75', '', 'ซอง', 0, true, '6bec17e9-3c7c-4001-84d9-9151266e9595') ON CONFLICT (id) DO UPDATE SET name = EXCLUDED.name, barcode = EXCLUDED.barcode, unit = EXCLUDED.unit, min_stock = EXCLUDED.min_stock, require_lot = EXCLUDED.require_lot, default_location_id = EXCLUDED.default_location_id;
INSERT INTO medicines (id, name, barcode, unit, min_stock, require_lot, default_location_id) VALUES ('76df6333-a2dc-4928-addd-0d7b8b22c858', 'Paracetamol 325 mg', '', 'เม็ด', 0, true, '6bec17e9-3c7c-4001-84d9-9151266e9595') ON CONFLICT (id) DO UPDATE SET name = EXCLUDED.name, barcode = EXCLUDED.barcode, unit = EXCLUDED.unit, min_stock = EXCLUDED.min_stock, require_lot = EXCLUDED.require_lot, default_location_id = EXCLUDED.default_location_id;
INSERT INTO medicines (id, name, barcode, unit, min_stock, require_lot, default_location_id) VALUES ('8a4bf11e-6081-4ecf-bffc-0516a8f8d56c', 'Paracetamol 500 mg', '', 'เม็ด', 0, true, '6bec17e9-3c7c-4001-84d9-9151266e9595') ON CONFLICT (id) DO UPDATE SET name = EXCLUDED.name, barcode = EXCLUDED.barcode, unit = EXCLUDED.unit, min_stock = EXCLUDED.min_stock, require_lot = EXCLUDED.require_lot, default_location_id = EXCLUDED.default_location_id;
INSERT INTO medicines (id, name, barcode, unit, min_stock, require_lot, default_location_id) VALUES ('65206e6e-af81-441e-b9fd-e092c8058054', 'Paracetamol syrup120mg/5ml', '', 'ขวด', 0, true, '6bec17e9-3c7c-4001-84d9-9151266e9595') ON CONFLICT (id) DO UPDATE SET name = EXCLUDED.name, barcode = EXCLUDED.barcode, unit = EXCLUDED.unit, min_stock = EXCLUDED.min_stock, require_lot = EXCLUDED.require_lot, default_location_id = EXCLUDED.default_location_id;
INSERT INTO medicines (id, name, barcode, unit, min_stock, require_lot, default_location_id) VALUES ('feb0bd50-ec49-44ea-9ff6-fc3d7e394afe', 'Pioglitazone tab 30 mg', '', 'เม็ด', 0, true, '6bec17e9-3c7c-4001-84d9-9151266e9595') ON CONFLICT (id) DO UPDATE SET name = EXCLUDED.name, barcode = EXCLUDED.barcode, unit = EXCLUDED.unit, min_stock = EXCLUDED.min_stock, require_lot = EXCLUDED.require_lot, default_location_id = EXCLUDED.default_location_id;
INSERT INTO medicines (id, name, barcode, unit, min_stock, require_lot, default_location_id) VALUES ('aa454564-de75-4a05-83c8-5807c4629dd6', 'Povidine iodine slo 15cc', '', 'ขวด', 0, true, '6bec17e9-3c7c-4001-84d9-9151266e9595') ON CONFLICT (id) DO UPDATE SET name = EXCLUDED.name, barcode = EXCLUDED.barcode, unit = EXCLUDED.unit, min_stock = EXCLUDED.min_stock, require_lot = EXCLUDED.require_lot, default_location_id = EXCLUDED.default_location_id;
INSERT INTO medicines (id, name, barcode, unit, min_stock, require_lot, default_location_id) VALUES ('ad7fd1dc-2bc2-4a8f-8341-009b243e788a', 'Povidine iodine slo 450cc', '', 'ขวด', 0, true, '6bec17e9-3c7c-4001-84d9-9151266e9595') ON CONFLICT (id) DO UPDATE SET name = EXCLUDED.name, barcode = EXCLUDED.barcode, unit = EXCLUDED.unit, min_stock = EXCLUDED.min_stock, require_lot = EXCLUDED.require_lot, default_location_id = EXCLUDED.default_location_id;
INSERT INTO medicines (id, name, barcode, unit, min_stock, require_lot, default_location_id) VALUES ('92ab3ebf-ff27-4578-b693-2b45da63ce1f', 'Salbutamol Inhaler 0.1mg/puff 200', '', 'หลอด', 0, true, '6bec17e9-3c7c-4001-84d9-9151266e9595') ON CONFLICT (id) DO UPDATE SET name = EXCLUDED.name, barcode = EXCLUDED.barcode, unit = EXCLUDED.unit, min_stock = EXCLUDED.min_stock, require_lot = EXCLUDED.require_lot, default_location_id = EXCLUDED.default_location_id;
INSERT INTO medicines (id, name, barcode, unit, min_stock, require_lot, default_location_id) VALUES ('c54b8d67-2f25-45e7-8e3a-9db445ddb9c4', 'Salbutamol tab 2 mg', '', 'เม็ด', 0, true, '6bec17e9-3c7c-4001-84d9-9151266e9595') ON CONFLICT (id) DO UPDATE SET name = EXCLUDED.name, barcode = EXCLUDED.barcode, unit = EXCLUDED.unit, min_stock = EXCLUDED.min_stock, require_lot = EXCLUDED.require_lot, default_location_id = EXCLUDED.default_location_id;
INSERT INTO medicines (id, name, barcode, unit, min_stock, require_lot, default_location_id) VALUES ('818da8a6-3156-4f8a-8805-29bfde897068', 'Paracetamol syrup120mg/5ml', '', 'ขวด', 0, true, '6bec17e9-3c7c-4001-84d9-9151266e9595') ON CONFLICT (id) DO UPDATE SET name = EXCLUDED.name, barcode = EXCLUDED.barcode, unit = EXCLUDED.unit, min_stock = EXCLUDED.min_stock, require_lot = EXCLUDED.require_lot, default_location_id = EXCLUDED.default_location_id;
INSERT INTO medicines (id, name, barcode, unit, min_stock, require_lot, default_location_id) VALUES ('8923e45c-7c0c-4e40-9f8b-5b40b604c107', 'Seretide Accuhaler inh 50/250 mcg', '', 'หลอด', 0, true, '6bec17e9-3c7c-4001-84d9-9151266e9595') ON CONFLICT (id) DO UPDATE SET name = EXCLUDED.name, barcode = EXCLUDED.barcode, unit = EXCLUDED.unit, min_stock = EXCLUDED.min_stock, require_lot = EXCLUDED.require_lot, default_location_id = EXCLUDED.default_location_id;
INSERT INTO medicines (id, name, barcode, unit, min_stock, require_lot, default_location_id) VALUES ('6a37b920-da1e-4c9b-8fda-ad2ad950b6a2', 'Silver sulfadiazine cream', '', 'หลอด', 0, true, '6bec17e9-3c7c-4001-84d9-9151266e9595') ON CONFLICT (id) DO UPDATE SET name = EXCLUDED.name, barcode = EXCLUDED.barcode, unit = EXCLUDED.unit, min_stock = EXCLUDED.min_stock, require_lot = EXCLUDED.require_lot, default_location_id = EXCLUDED.default_location_id;
INSERT INTO medicines (id, name, barcode, unit, min_stock, require_lot, default_location_id) VALUES ('8f1c16f7-9613-4f20-838a-a2d8a8f9d23b', 'Simethicone drops', '', 'ขวด', 0, true, '6bec17e9-3c7c-4001-84d9-9151266e9595') ON CONFLICT (id) DO UPDATE SET name = EXCLUDED.name, barcode = EXCLUDED.barcode, unit = EXCLUDED.unit, min_stock = EXCLUDED.min_stock, require_lot = EXCLUDED.require_lot, default_location_id = EXCLUDED.default_location_id;
INSERT INTO medicines (id, name, barcode, unit, min_stock, require_lot, default_location_id) VALUES ('bf1ab6af-3b12-4901-837c-c573004376f6', 'Simethicone tab 80 mg(air-x)', '', 'เม็ด', 0, true, '6bec17e9-3c7c-4001-84d9-9151266e9595') ON CONFLICT (id) DO UPDATE SET name = EXCLUDED.name, barcode = EXCLUDED.barcode, unit = EXCLUDED.unit, min_stock = EXCLUDED.min_stock, require_lot = EXCLUDED.require_lot, default_location_id = EXCLUDED.default_location_id;
INSERT INTO medicines (id, name, barcode, unit, min_stock, require_lot, default_location_id) VALUES ('b0bb25c1-1245-453d-a946-ef3a06babebe', 'Simvastatin tab20 mg', '', 'เม็ด', 0, true, '6bec17e9-3c7c-4001-84d9-9151266e9595') ON CONFLICT (id) DO UPDATE SET name = EXCLUDED.name, barcode = EXCLUDED.barcode, unit = EXCLUDED.unit, min_stock = EXCLUDED.min_stock, require_lot = EXCLUDED.require_lot, default_location_id = EXCLUDED.default_location_id;
INSERT INTO medicines (id, name, barcode, unit, min_stock, require_lot, default_location_id) VALUES ('e54d66bc-985e-4828-8f1c-1e6e0299d234', 'Sterile water inf 1000cc', '', 'ขวด', 0, true, '6bec17e9-3c7c-4001-84d9-9151266e9595') ON CONFLICT (id) DO UPDATE SET name = EXCLUDED.name, barcode = EXCLUDED.barcode, unit = EXCLUDED.unit, min_stock = EXCLUDED.min_stock, require_lot = EXCLUDED.require_lot, default_location_id = EXCLUDED.default_location_id;
INSERT INTO medicines (id, name, barcode, unit, min_stock, require_lot, default_location_id) VALUES ('1841e40e-8bf4-4950-9392-dea72d661040', 'Theophylline SR tab 200 mg', '', 'เม็ด', 0, true, '6bec17e9-3c7c-4001-84d9-9151266e9595') ON CONFLICT (id) DO UPDATE SET name = EXCLUDED.name, barcode = EXCLUDED.barcode, unit = EXCLUDED.unit, min_stock = EXCLUDED.min_stock, require_lot = EXCLUDED.require_lot, default_location_id = EXCLUDED.default_location_id;
INSERT INTO medicines (id, name, barcode, unit, min_stock, require_lot, default_location_id) VALUES ('7a453696-21c9-48df-8259-49572ccd1eda', 'Triamcinolone cream 0.02%in5gm', '', 'หลอด', 0, true, '6bec17e9-3c7c-4001-84d9-9151266e9595') ON CONFLICT (id) DO UPDATE SET name = EXCLUDED.name, barcode = EXCLUDED.barcode, unit = EXCLUDED.unit, min_stock = EXCLUDED.min_stock, require_lot = EXCLUDED.require_lot, default_location_id = EXCLUDED.default_location_id;
INSERT INTO medicines (id, name, barcode, unit, min_stock, require_lot, default_location_id) VALUES ('9e68b358-4715-42c2-9f98-5444e29c1df3', 'Triamcinolone cream 0.1%in5gm', '', 'หลอด', 0, true, '6bec17e9-3c7c-4001-84d9-9151266e9595') ON CONFLICT (id) DO UPDATE SET name = EXCLUDED.name, barcode = EXCLUDED.barcode, unit = EXCLUDED.unit, min_stock = EXCLUDED.min_stock, require_lot = EXCLUDED.require_lot, default_location_id = EXCLUDED.default_location_id;
INSERT INTO medicines (id, name, barcode, unit, min_stock, require_lot, default_location_id) VALUES ('3bd09d01-f8d5-49d3-87c9-f267d27a3503', 'Triamcinolone lotion', '', 'ขวด', 0, true, '6bec17e9-3c7c-4001-84d9-9151266e9595') ON CONFLICT (id) DO UPDATE SET name = EXCLUDED.name, barcode = EXCLUDED.barcode, unit = EXCLUDED.unit, min_stock = EXCLUDED.min_stock, require_lot = EXCLUDED.require_lot, default_location_id = EXCLUDED.default_location_id;
INSERT INTO medicines (id, name, barcode, unit, min_stock, require_lot, default_location_id) VALUES ('1cd3c85a-47cd-49de-a173-c15a0f4520b2', 'Triamcinolone oral paste 0.1%', '', 'ซอง', 0, true, '6bec17e9-3c7c-4001-84d9-9151266e9595') ON CONFLICT (id) DO UPDATE SET name = EXCLUDED.name, barcode = EXCLUDED.barcode, unit = EXCLUDED.unit, min_stock = EXCLUDED.min_stock, require_lot = EXCLUDED.require_lot, default_location_id = EXCLUDED.default_location_id;
INSERT INTO medicines (id, name, barcode, unit, min_stock, require_lot, default_location_id) VALUES ('c684d745-650c-4e24-8030-26c1dab7750d', 'Triferdine 150 mg', '', 'เม็ด', 0, true, '6bec17e9-3c7c-4001-84d9-9151266e9595') ON CONFLICT (id) DO UPDATE SET name = EXCLUDED.name, barcode = EXCLUDED.barcode, unit = EXCLUDED.unit, min_stock = EXCLUDED.min_stock, require_lot = EXCLUDED.require_lot, default_location_id = EXCLUDED.default_location_id;
INSERT INTO medicines (id, name, barcode, unit, min_stock, require_lot, default_location_id) VALUES ('6a967269-efa0-4dce-8db5-5ae20f9e2090', 'Vitamin B1 tab 100 mg', '', 'เม็ด', 0, true, '6bec17e9-3c7c-4001-84d9-9151266e9595') ON CONFLICT (id) DO UPDATE SET name = EXCLUDED.name, barcode = EXCLUDED.barcode, unit = EXCLUDED.unit, min_stock = EXCLUDED.min_stock, require_lot = EXCLUDED.require_lot, default_location_id = EXCLUDED.default_location_id;
INSERT INTO medicines (id, name, barcode, unit, min_stock, require_lot, default_location_id) VALUES ('a1ea4f09-0747-49d3-9b97-55fab69a86cf', 'Vitamin B complex', '', 'เม็ด', 0, true, '6bec17e9-3c7c-4001-84d9-9151266e9595') ON CONFLICT (id) DO UPDATE SET name = EXCLUDED.name, barcode = EXCLUDED.barcode, unit = EXCLUDED.unit, min_stock = EXCLUDED.min_stock, require_lot = EXCLUDED.require_lot, default_location_id = EXCLUDED.default_location_id;
INSERT INTO medicines (id, name, barcode, unit, min_stock, require_lot, default_location_id) VALUES ('5b91ac4c-802e-4bc5-8fed-d71c4cc228b5', 'Vitamin C tab 50 mg', '', 'เม็ด', 0, true, '6bec17e9-3c7c-4001-84d9-9151266e9595') ON CONFLICT (id) DO UPDATE SET name = EXCLUDED.name, barcode = EXCLUDED.barcode, unit = EXCLUDED.unit, min_stock = EXCLUDED.min_stock, require_lot = EXCLUDED.require_lot, default_location_id = EXCLUDED.default_location_id;
INSERT INTO medicines (id, name, barcode, unit, min_stock, require_lot, default_location_id) VALUES ('093685db-9901-4edf-ab15-2a4fb244f207', 'ยาฉีดคุมกำเนิด (อีนาฟ-150)', '', 'โดส', 0, true, '6bec17e9-3c7c-4001-84d9-9151266e9595') ON CONFLICT (id) DO UPDATE SET name = EXCLUDED.name, barcode = EXCLUDED.barcode, unit = EXCLUDED.unit, min_stock = EXCLUDED.min_stock, require_lot = EXCLUDED.require_lot, default_location_id = EXCLUDED.default_location_id;
INSERT INTO medicines (id, name, barcode, unit, min_stock, require_lot, default_location_id) VALUES ('22c4e653-2f2e-4ab6-87a2-df306932bd22', 'ยาคุมกำเนิดชนิดฮอร์โมนต่ำ (อาร์เดน)', '', 'เม็ด', 0, true, '6bec17e9-3c7c-4001-84d9-9151266e9595') ON CONFLICT (id) DO UPDATE SET name = EXCLUDED.name, barcode = EXCLUDED.barcode, unit = EXCLUDED.unit, min_stock = EXCLUDED.min_stock, require_lot = EXCLUDED.require_lot, default_location_id = EXCLUDED.default_location_id;
INSERT INTO medicines (id, name, barcode, unit, min_stock, require_lot, default_location_id) VALUES ('5aa49b42-b39d-45fc-a6c6-b0d36fe039ba', 'ดีทีพีตับอักเสบบีฮิบ1 (DTP-HB+Hib 1)', '', 'โดส', 0, true, 'e94938c6-4f75-4bd3-8c6f-597491cb1c37') ON CONFLICT (id) DO UPDATE SET name = EXCLUDED.name, barcode = EXCLUDED.barcode, unit = EXCLUDED.unit, min_stock = EXCLUDED.min_stock, require_lot = EXCLUDED.require_lot, default_location_id = EXCLUDED.default_location_id;
INSERT INTO medicines (id, name, barcode, unit, min_stock, require_lot, default_location_id) VALUES ('782cea20-226b-4d3e-896a-8802fe5b78ab', 'ดีทีพีตับอักเสบบีฮิบ2 (DTP-HB+Hib 2)', '', 'โดส', 0, true, 'e94938c6-4f75-4bd3-8c6f-597491cb1c37') ON CONFLICT (id) DO UPDATE SET name = EXCLUDED.name, barcode = EXCLUDED.barcode, unit = EXCLUDED.unit, min_stock = EXCLUDED.min_stock, require_lot = EXCLUDED.require_lot, default_location_id = EXCLUDED.default_location_id;
INSERT INTO medicines (id, name, barcode, unit, min_stock, require_lot, default_location_id) VALUES ('2fbb6cce-27cc-4d3d-9ff1-9f97ef804ced', 'ดีทีพีตับอักเสบบีฮิบ3 (DTP-HB+Hib 3)', '', 'โดส', 0, true, 'e94938c6-4f75-4bd3-8c6f-597491cb1c37') ON CONFLICT (id) DO UPDATE SET name = EXCLUDED.name, barcode = EXCLUDED.barcode, unit = EXCLUDED.unit, min_stock = EXCLUDED.min_stock, require_lot = EXCLUDED.require_lot, default_location_id = EXCLUDED.default_location_id;
INSERT INTO medicines (id, name, barcode, unit, min_stock, require_lot, default_location_id) VALUES ('3f574d1d-d97c-462c-8574-8c40deaabf64', 'ดีที(สร้างภูมิคุ้มกัน คอตีบ+บาดทะยัก)', '', 'โดส', 0, true, 'e94938c6-4f75-4bd3-8c6f-597491cb1c37') ON CONFLICT (id) DO UPDATE SET name = EXCLUDED.name, barcode = EXCLUDED.barcode, unit = EXCLUDED.unit, min_stock = EXCLUDED.min_stock, require_lot = EXCLUDED.require_lot, default_location_id = EXCLUDED.default_location_id;
INSERT INTO medicines (id, name, barcode, unit, min_stock, require_lot, default_location_id) VALUES ('de66fec7-eb9e-48e5-95d9-6f7db6176d79', 'DTP กระตุ้น 1', '', 'โดส', 0, true, 'e94938c6-4f75-4bd3-8c6f-597491cb1c37') ON CONFLICT (id) DO UPDATE SET name = EXCLUDED.name, barcode = EXCLUDED.barcode, unit = EXCLUDED.unit, min_stock = EXCLUDED.min_stock, require_lot = EXCLUDED.require_lot, default_location_id = EXCLUDED.default_location_id;
INSERT INTO medicines (id, name, barcode, unit, min_stock, require_lot, default_location_id) VALUES ('1e39cb8f-5222-4210-931f-426de971d963', 'DTP กระตุ้น 2', '', 'โดส', 0, true, 'e94938c6-4f75-4bd3-8c6f-597491cb1c37') ON CONFLICT (id) DO UPDATE SET name = EXCLUDED.name, barcode = EXCLUDED.barcode, unit = EXCLUDED.unit, min_stock = EXCLUDED.min_stock, require_lot = EXCLUDED.require_lot, default_location_id = EXCLUDED.default_location_id;
INSERT INTO medicines (id, name, barcode, unit, min_stock, require_lot, default_location_id) VALUES ('9452a080-47ab-4c05-b64a-e06bfc341335', 'ดีทีเอส 1 (DT นักเรียน(ป.1) ครั้งที่ 1)', '', 'โดส', 0, true, 'e94938c6-4f75-4bd3-8c6f-597491cb1c37') ON CONFLICT (id) DO UPDATE SET name = EXCLUDED.name, barcode = EXCLUDED.barcode, unit = EXCLUDED.unit, min_stock = EXCLUDED.min_stock, require_lot = EXCLUDED.require_lot, default_location_id = EXCLUDED.default_location_id;
INSERT INTO medicines (id, name, barcode, unit, min_stock, require_lot, default_location_id) VALUES ('e241020b-050a-4f90-9769-a61bf03d6774', 'ดีทีเอส 4 (DT นักเรียน(ป.6) ครั้งที่ 4)', '', 'โดส', 0, true, 'e94938c6-4f75-4bd3-8c6f-597491cb1c37') ON CONFLICT (id) DO UPDATE SET name = EXCLUDED.name, barcode = EXCLUDED.barcode, unit = EXCLUDED.unit, min_stock = EXCLUDED.min_stock, require_lot = EXCLUDED.require_lot, default_location_id = EXCLUDED.default_location_id;
INSERT INTO medicines (id, name, barcode, unit, min_stock, require_lot, default_location_id) VALUES ('bf0372d3-12bc-4c11-b8d4-db9ffdd426e2', 'ไข้หวัดใหญ่ 815', '', 'โดส', 0, true, 'e94938c6-4f75-4bd3-8c6f-597491cb1c37') ON CONFLICT (id) DO UPDATE SET name = EXCLUDED.name, barcode = EXCLUDED.barcode, unit = EXCLUDED.unit, min_stock = EXCLUDED.min_stock, require_lot = EXCLUDED.require_lot, default_location_id = EXCLUDED.default_location_id;
INSERT INTO medicines (id, name, barcode, unit, min_stock, require_lot, default_location_id) VALUES ('5b247a04-187d-47be-98e4-20d4c1cb03cb', 'HPV (GARDASIL9) เอชพีวี (การ์ดาซิล 9 สายพันธุ์)', '', 'โดส', 0, true, 'e94938c6-4f75-4bd3-8c6f-597491cb1c37') ON CONFLICT (id) DO UPDATE SET name = EXCLUDED.name, barcode = EXCLUDED.barcode, unit = EXCLUDED.unit, min_stock = EXCLUDED.min_stock, require_lot = EXCLUDED.require_lot, default_location_id = EXCLUDED.default_location_id;
INSERT INTO medicines (id, name, barcode, unit, min_stock, require_lot, default_location_id) VALUES ('e6293d92-ed38-4152-861f-431411bfc563', 'HPVs1(ฉีด) นร. หญิง ป. 5 ป้องกันมะเร็งปากมดลูก', '', 'โดส', 0, true, 'e94938c6-4f75-4bd3-8c6f-597491cb1c37') ON CONFLICT (id) DO UPDATE SET name = EXCLUDED.name, barcode = EXCLUDED.barcode, unit = EXCLUDED.unit, min_stock = EXCLUDED.min_stock, require_lot = EXCLUDED.require_lot, default_location_id = EXCLUDED.default_location_id;
INSERT INTO medicines (id, name, barcode, unit, min_stock, require_lot, default_location_id) VALUES ('18d27a8b-db75-4559-8a76-6c262bd5f79d', 'HPVs2(ฉีด) นร. หญิง ป. 5 ป้องกันมะเร็งปากมดลูก ห่างเข็มแรกอย่างน้อย 6 เดือน', '', 'โดส', 0, true, 'e94938c6-4f75-4bd3-8c6f-597491cb1c37') ON CONFLICT (id) DO UPDATE SET name = EXCLUDED.name, barcode = EXCLUDED.barcode, unit = EXCLUDED.unit, min_stock = EXCLUDED.min_stock, require_lot = EXCLUDED.require_lot, default_location_id = EXCLUDED.default_location_id;
INSERT INTO medicines (id, name, barcode, unit, min_stock, require_lot, default_location_id) VALUES ('0a599f4d-de22-4ec1-8515-b58bff23aa93', 'JE เชื้อเป็น 1(Lived attenuated 1)', '', 'โดส', 0, true, 'e94938c6-4f75-4bd3-8c6f-597491cb1c37') ON CONFLICT (id) DO UPDATE SET name = EXCLUDED.name, barcode = EXCLUDED.barcode, unit = EXCLUDED.unit, min_stock = EXCLUDED.min_stock, require_lot = EXCLUDED.require_lot, default_location_id = EXCLUDED.default_location_id;
INSERT INTO medicines (id, name, barcode, unit, min_stock, require_lot, default_location_id) VALUES ('d7a432b0-720f-48de-a250-a809e3ff54bb', 'JE เชื้อเป็น 2(Lived attenuated 2)', '', 'โดส', 0, true, 'e94938c6-4f75-4bd3-8c6f-597491cb1c37') ON CONFLICT (id) DO UPDATE SET name = EXCLUDED.name, barcode = EXCLUDED.barcode, unit = EXCLUDED.unit, min_stock = EXCLUDED.min_stock, require_lot = EXCLUDED.require_lot, default_location_id = EXCLUDED.default_location_id;
INSERT INTO medicines (id, name, barcode, unit, min_stock, require_lot, default_location_id) VALUES ('f9834845-b80f-4841-9d48-f9d05781a5b9', 'MMR (9 เดือน)', '', 'โดส', 0, true, 'e94938c6-4f75-4bd3-8c6f-597491cb1c37') ON CONFLICT (id) DO UPDATE SET name = EXCLUDED.name, barcode = EXCLUDED.barcode, unit = EXCLUDED.unit, min_stock = EXCLUDED.min_stock, require_lot = EXCLUDED.require_lot, default_location_id = EXCLUDED.default_location_id;
INSERT INTO medicines (id, name, barcode, unit, min_stock, require_lot, default_location_id) VALUES ('36652a21-3d3f-46af-adf7-4e8b6a692f86', 'หัด คางทูม หัดเยอรมัน อายุ 2 ปีครึ่ง', '', 'โดส', 0, true, 'e94938c6-4f75-4bd3-8c6f-597491cb1c37') ON CONFLICT (id) DO UPDATE SET name = EXCLUDED.name, barcode = EXCLUDED.barcode, unit = EXCLUDED.unit, min_stock = EXCLUDED.min_stock, require_lot = EXCLUDED.require_lot, default_location_id = EXCLUDED.default_location_id;
INSERT INTO medicines (id, name, barcode, unit, min_stock, require_lot, default_location_id) VALUES ('cb874a0e-4939-4258-a655-961cfba06e91', 'หัด หัดเยอรมัน(ฉีด) 9 เดือนขึ้นไป รณรงค์เพื่อเก็บตก', '', 'โดส', 0, true, 'e94938c6-4f75-4bd3-8c6f-597491cb1c37') ON CONFLICT (id) DO UPDATE SET name = EXCLUDED.name, barcode = EXCLUDED.barcode, unit = EXCLUDED.unit, min_stock = EXCLUDED.min_stock, require_lot = EXCLUDED.require_lot, default_location_id = EXCLUDED.default_location_id;
INSERT INTO medicines (id, name, barcode, unit, min_stock, require_lot, default_location_id) VALUES ('032b6dd8-4328-48a8-88fd-7a8451832f80', 'หัด หัดเยอรมัน(ฉีด) นักเรียน ป. 1 เฉพาะที่ยังรับไม่ครบ', '', 'โดส', 0, true, 'e94938c6-4f75-4bd3-8c6f-597491cb1c37') ON CONFLICT (id) DO UPDATE SET name = EXCLUDED.name, barcode = EXCLUDED.barcode, unit = EXCLUDED.unit, min_stock = EXCLUDED.min_stock, require_lot = EXCLUDED.require_lot, default_location_id = EXCLUDED.default_location_id;
INSERT INTO medicines (id, name, barcode, unit, min_stock, require_lot, default_location_id) VALUES ('83341e42-eed9-4828-ac1a-e2cce0ce9d35', 'โอพีวี1', '', 'โดส', 0, true, 'e94938c6-4f75-4bd3-8c6f-597491cb1c37') ON CONFLICT (id) DO UPDATE SET name = EXCLUDED.name, barcode = EXCLUDED.barcode, unit = EXCLUDED.unit, min_stock = EXCLUDED.min_stock, require_lot = EXCLUDED.require_lot, default_location_id = EXCLUDED.default_location_id;
INSERT INTO medicines (id, name, barcode, unit, min_stock, require_lot, default_location_id) VALUES ('c79e2616-8357-482d-ab78-e2e462ac7248', 'โอพีวี2', '', 'โดส', 0, true, 'e94938c6-4f75-4bd3-8c6f-597491cb1c37') ON CONFLICT (id) DO UPDATE SET name = EXCLUDED.name, barcode = EXCLUDED.barcode, unit = EXCLUDED.unit, min_stock = EXCLUDED.min_stock, require_lot = EXCLUDED.require_lot, default_location_id = EXCLUDED.default_location_id;
INSERT INTO medicines (id, name, barcode, unit, min_stock, require_lot, default_location_id) VALUES ('88f13189-8272-4bfc-841a-572dca61f2a4', 'โอพีวี3', '', 'โดส', 0, true, 'e94938c6-4f75-4bd3-8c6f-597491cb1c37') ON CONFLICT (id) DO UPDATE SET name = EXCLUDED.name, barcode = EXCLUDED.barcode, unit = EXCLUDED.unit, min_stock = EXCLUDED.min_stock, require_lot = EXCLUDED.require_lot, default_location_id = EXCLUDED.default_location_id;
INSERT INTO medicines (id, name, barcode, unit, min_stock, require_lot, default_location_id) VALUES ('fde75465-a9b3-48d7-bdb1-87d158c23422', 'โอพีวี กระตุ้น 1', '', 'โดส', 0, true, 'e94938c6-4f75-4bd3-8c6f-597491cb1c37') ON CONFLICT (id) DO UPDATE SET name = EXCLUDED.name, barcode = EXCLUDED.barcode, unit = EXCLUDED.unit, min_stock = EXCLUDED.min_stock, require_lot = EXCLUDED.require_lot, default_location_id = EXCLUDED.default_location_id;
INSERT INTO medicines (id, name, barcode, unit, min_stock, require_lot, default_location_id) VALUES ('d9ae104b-4ba3-4402-bd07-aad098dfec86', 'โอพีวี กระตุ้น 2', '', 'โดส', 0, true, 'e94938c6-4f75-4bd3-8c6f-597491cb1c37') ON CONFLICT (id) DO UPDATE SET name = EXCLUDED.name, barcode = EXCLUDED.barcode, unit = EXCLUDED.unit, min_stock = EXCLUDED.min_stock, require_lot = EXCLUDED.require_lot, default_location_id = EXCLUDED.default_location_id;

-- 4) Insert Stock
INSERT INTO stock (id, medicine_id, location_id, lot, expiry_date, qty) VALUES ('3b0f32eb-f778-4827-9e05-9d5e8a0df1bc', 'bf0372d3-12bc-4c11-b8d4-db9ffdd426e2', 'e94938c6-4f75-4bd3-8c6f-597491cb1c37', '', '2027-03-10', 27) ON CONFLICT (id) DO UPDATE SET qty = EXCLUDED.qty, lot = EXCLUDED.lot, expiry_date = EXCLUDED.expiry_date;
INSERT INTO stock (id, medicine_id, location_id, lot, expiry_date, qty) VALUES ('54f9f3af-3013-4435-ba81-5525e2be0f0a', '43f4fc65-6a91-49ea-a2b4-7dc4fe258fb9', 'ef5f08ba-1a6d-49fc-93ee-5b00a3740987', '496936', '2029-02-24', 10) ON CONFLICT (id) DO UPDATE SET qty = EXCLUDED.qty, lot = EXCLUDED.lot, expiry_date = EXCLUDED.expiry_date;